Promotion Seen,Timestamp
Feed Follow Option Coachmark,1592730357
Grade Adjusted Pace Activity Detail Upsell,1595353383
Grade Adjusted Pace Activity Detail Upsell,1595870381
Grade Adjusted Pace Activity Detail Upsell,1596888887
Grade Adjusted Pace Activity Detail Upsell,1604336727
Grade Adjusted Pace Activity Detail Upsell,1604336735
Grade Adjusted Pace Activity Detail Upsell,1604337931
Grade Adjusted Pace Activity Detail Upsell,1605171310
Grade Adjusted Pace Activity Detail Upsell,1605171313
Grade Adjusted Pace Activity Detail Upsell,1606671762
